id,name,parent_id,category_type,sort,tree_level,subject_category,remark,created_by,created_time,updated_by,updated_time
1314630787935191042,哲学,0,10,0,0,1314630787935191042,,,2020/10/10 02:16:19,,
1314630792372764673,哲学,1314630787935191042,10,0,1,1314630787935191042,"B0,B01,B02,B03,B08",,2020/10/10 02:16:20,,
1314630794717380609,马克思主义哲学,1314630792372764673,10,0,2,1314630787935191042,"A,A1,A11,A12,A13,A14,A15,A16,A18,A8,A81,A82,A84,B0,B27",,2020/10/10 02:16:21,,
1314630810047561729,中国哲学,1314630792372764673,10,0,2,1314630787935191042,"B0,B2,B20,B21,B22,B23,B24,B25,B26,B27",,2020/10/10 02:16:24,,
1314630817182072833,外国哲学,1314630792372764673,10,0,2,1314630787935191042,"B0,B1,B12,B13,B14,B15,B3,B30,B31,B33,B35,B37,B38,B4,B41,B5,B50,B51,B52,B53,B54,B55,B56,B6,B7,B71",,2020/10/10 02:16:26,,
1314630827982405634,逻辑学,1314630792372764673,10,0,2,1314630787935191042,"B80,B81",,2020/10/10 02:16:29,,
1314630833766350849,伦理学,1314630792372764673,10,0,2,1314630787935191042,B82,,2020/10/10 02:16:30,,
1314630837490892802,美学,1314630792372764673,10,0,2,1314630787935191042,B83,,2020/10/10 02:16:31,,
1314630844864479233,宗教学,1314630792372764673,10,0,2,1314630787935191042,"B9,B91,B92,B93,B94,B95,B96,B97,B98",,2020/10/10 02:16:33,,
1314630853383110657,科学技术哲学,1314630792372764673,10,0,2,1314630787935191042,"N02,N03,G30,B01,B08",,2020/10/10 02:16:35,,
1314630881031962626,经济学,0,10,0,0,1314630881031962626,"F,F02,F03,F04,F05",,2020/10/10 02:16:41,,
1314630888581709825,理论经济学,1314630881031962626,10,0,1,1314630881031962626,F01,,2020/10/10 02:16:43,,
1314630952137998337,政治经济学,1314630888581709825,10,0,2,1314630881031962626,"F0,F0-0",,2020/10/10 02:16:58,,
1314630961877172226,经济思想史,1314630888581709825,10,0,2,1314630881031962626,F09,,2020/10/10 02:17:01,,
1314630964989345794,经济史,1314630888581709825,10,0,2,1314630881031962626,F1,,2020/10/10 02:17:01,,
1314630967673700353,西方经济学,1314630888581709825,10,0,2,1314630881031962626,F0,,2020/10/10 02:17:02,,
1314630975428968450,世界经济,1314630888581709825,10,0,2,1314630881031962626,"F1,F11,F13,F17",,2020/10/10 02:17:04,,
1314630987672141825,人口、资源与环境经济学,1314630888581709825,10,0,2,1314630881031962626,"C92,F06,X196",,2020/10/10 02:17:07,,
1314631002893271042,应用经济学,1314630881031962626,10,0,1,1314630881031962626,"F2,F21,F28,F71,F72,F73,F75,F76",,2020/10/10 02:17:10,,
1314631028348502018,国民经济学,1314631002893271042,10,0,2,1314630881031962626,F06,,2020/10/10 02:17:16,,
1314631040675561473,区域经济学,1314631002893271042,10,0,2,1314630881031962626,F06,,2020/10/10 02:17:19,,
1314631052763545601,财政学,1314631002893271042,10,0,2,1314630881031962626,"F8,F81,F82",,2020/10/10 02:17:22,,
1314631075966435330,金融学,1314631002893271042,10,0,2,1314630881031962626,"F8,F83,F84",,2020/10/10 02:17:28,,
1314631089052663810,产业经济学,1314631002893271042,10,0,2,1314630881031962626,"F06,F29,F4,F40,F41,F42,F43,F44,F45,F47,F49,F5,F50,F51,F53,F54,F55,F56,F57,F62,F63",,2020/10/10 02:17:31,,
1314631101815930882,国际贸易学,1314631002893271042,10,0,2,1314630881031962626,F74,,2020/10/10 02:17:34,,
1314631118245019650,劳动经济学,1314631002893271042,10,0,2,1314630881031962626,F24,,2020/10/10 02:17:38,,
1314631126008676353,统计学,1314631002893271042,10,0,2,1314630881031962626,"C8,C81,C82,C83,F22",,2020/10/10 02:17:40,,
1314631142987218946,数量经济学,1314631002893271042,10,0,2,1314630881031962626,F22,,2020/10/10 02:17:44,,
1314631161307938817,国防经济,1314631002893271042,10,0,2,1314630881031962626,"E0,F06",,2020/10/10 02:17:48,,
1314631213355057153,法学,0,10,0,0,1314631213355057153,,,2020/10/10 02:18:01,,
1314631219625541634,法学,1314631213355057153,10,0,1,1314631213355057153,"D9,D92,D93,D94,D95,D96,D97",,2020/10/10 02:18:02,,
1314631225774391298,法学理论,1314631219625541634,10,0,2,1314631213355057153,D90,,2020/10/10 02:18:04,,
1314631242501275649,法律史,1314631219625541634,10,0,2,1314631213355057153,D90,,2020/10/10 02:18:08,,
1314631245865107458,宪法学与行政法学,1314631219625541634,10,0,2,1314631213355057153,"D911,D912.1,D921,D922.1,D922.17",,2020/10/10 02:18:08,,
1314631254492790785,刑法学,1314631219625541634,10,0,2,1314631213355057153,"D914,D924",,2020/10/10 02:18:10,,
1314631268552097794,民商法学,1314631219625541634,10,0,2,1314631213355057153,D91,,2020/10/10 02:18:14,,
1314631285127987201,诉讼法学,1314631219625541634,10,0,2,1314631213355057153,"D915,D925",,2020/10/10 02:18:18,,
1314631311719874561,经济法学,1314631219625541634,10,0,2,1314631213355057153,"D912.29,D922.29",,2020/10/10 02:18:24,,
1314631342174715906,环境与资源保护法学,1314631219625541634,10,0,2,1314631213355057153,"D912.6,D922.6",,2020/10/10 02:18:31,,
1314631395484319746,国际法学,1314631219625541634,10,0,2,1314631213355057153,"D99,DF9",,2020/10/10 02:18:44,,
1314631414593568769,军事法学,1314631219625541634,10,0,2,1314631213355057153,"E12,E16,D99",,2020/10/10 02:18:49,,
1314631710086479873,政治学,1314631213355057153,10,0,1,1314631213355057153,"D41,D42,D44,D60,D65,D66,D67",,2020/10/10 02:19:59,,
1314631745595457538,政治学理论,1314631710086479873,10,0,2,1314631213355057153,"D0,D01,D02,D03,D04,D05,D06,D07,D08,D09",,2020/10/10 02:20:07,,
1314631779770646529,中外政治制度,1314631710086479873,10,0,2,1314631213355057153,"D03,D52,D59,D62,D69",,2020/10/10 02:20:16,,
1314631819079663618,科学社会主义与国际共产主义运动,1314631710086479873,10,0,2,1314631213355057153,"D0,D1,D331,D337,D34,D347,D354,D371",,2020/10/10 02:20:25,,
1314631828508459010,中共党史,1314631710086479873,10,0,2,1314631213355057153,"D2,D22,D23,D25,D26",,2020/10/10 02:20:27,,
1314632045936984065,国际政治,1314631710086479873,10,0,2,1314631213355057153,"D5,D50,D51,D52,D59,D6,D7,D73,D74,D75,D76,D77,D741,D742,D743,D747,D751,D753,D754,D756,D761,D763,D765,D766",,2020/10/10 02:21:19,,
1314632067818668033,国际关系,1314631710086479873,10,0,2,1314631213355057153,D81,,2020/10/10 02:21:24,,
1314632089146703873,外交学,1314631710086479873,10,0,2,1314631213355057153,"D80,D82,D83,D87",,2020/10/10 02:21:29,,
1314632155353792514,社会学,1314631213355057153,10,0,1,1314631213355057153,"C,C0",,2020/10/10 02:21:45,,
1314632157752934402,社会学,1314632155353792514,10,0,2,1314631213355057153,"C91,C02,C03,C05,C06,C09,C1,C2,C20,C3,C31,C32,C36,C37,C39,C4,C40,C5,C55,C61,C62,C915,C975",,2020/10/10 02:21:46,,
1314632181513666562,人口学,1314632155353792514,10,0,2,1314631213355057153,C92,,2020/10/10 02:21:51,,
1314632222278107138,人类学,1314632155353792514,10,0,2,1314631213355057153,"C912,C958,Q98",,2020/10/10 02:22:01,,
1314632258206515202,民俗学,1314632155353792514,10,0,2,1314631213355057153,"C953,K89,K890,K891,K893,K894,K895,K896,K897",,2020/10/10 02:22:10,,
1314632293690327041,民族学,1314631213355057153,10,0,1,1314631213355057153,,,2020/10/10 02:22:18,,
1314632295720370177,民族学,1314632293690327041,10,0,2,1314631213355057153,C95,,2020/10/10 02:22:19,,
1314632325453791233,马克思主义民族理论与政策,1314632293690327041,10,0,2,1314631213355057153,C95,,2020/10/10 02:22:26,,
1314632422770032641,中国少数民族经济,1314632293690327041,10,0,2,1314631213355057153,F12,,2020/10/10 02:22:49,,
1314632519973027842,中国少数民族史,1314632293690327041,10,0,2,1314631213355057153,K28,,2020/10/10 02:23:12,,
1314632541414309889,中国少数民族艺术,1314632293690327041,10,0,2,1314631213355057153,J02,,2020/10/10 02:23:17,,
1314632550218153985,马克思主义理论,1314631213355057153,10,0,1,1314631213355057153,,,2020/10/10 02:23:19,,
1314632553720397826,马克思主义基本原理,1314632550218153985,10,0,2,1314631213355057153,A81,,2020/10/10 02:23:20,,
1314632561366614018,马克思主义发展史,1314632550218153985,10,0,2,1314631213355057153,A81,,2020/10/10 02:23:22,,
1314632569251905538,马克思主义中国化研究,1314632550218153985,10,0,2,1314631213355057153,D61,,2020/10/10 02:23:24,,
1314632576151535617,国外马克思主义研究,1314632550218153985,10,0,2,1314631213355057153,"A81,B08",,2020/10/10 02:23:26,,
1314632583768391681,思想政治教育,1314632550218153985,10,0,2,1314631213355057153,"D64,G41",,2020/10/10 02:23:27,,
1314632592052142081,中国近现代史基本问题研究,1314632550218153985,10,0,2,1314631213355057153,"K25,K26,K27",,2020/10/10 02:23:29,,
1314632611454992386,公安学,1314631213355057153,10,0,1,1314631213355057153,,,2020/10/10 02:23:34,,
1314632616936947714,公安学基础理论,1314632611454992386,10,0,2,1314631213355057153,D03,,2020/10/10 02:23:35,,
1314632634234257409,公安管理学,1314632611454992386,10,0,2,1314631213355057153,D03,,2020/10/10 02:23:39,,
1314632676944855042,治安学,1314632611454992386,10,0,2,1314631213355057153,D03,,2020/10/10 02:23:50,,
1314632705084440577,侦查学,1314632611454992386,10,0,2,1314631213355057153,"D03,D91",,2020/10/10 02:23:56,,
1314632727230365698,犯罪学,1314632611454992386,10,0,2,1314631213355057153,"D91,DF79",,2020/10/10 02:24:02,,
1314632741759434754,公安情报学,1314632611454992386,10,0,2,1314631213355057153,"D03,D91",,2020/10/10 02:24:05,,
1314632866393178114,国内安全保卫学,1314632611454992386,10,0,2,1314631213355057153,D03,,2020/10/10 02:24:35,,
1314632888249696257,边防管理学,1314632611454992386,10,0,2,1314631213355057153,E11,,2020/10/10 02:24:40,,
1314632909821001729,涉外警务学,1314632611454992386,10,0,2,1314631213355057153,D63,,2020/10/10 02:24:45,,
1314632945959124994,警务指挥与战术,1314632611454992386,10,0,2,1314631213355057153,"D03,D63",,2020/10/10 02:24:54,,
1314632997163188226,警卫学,1314632611454992386,10,0,2,1314631213355057153,"D63,E15",,2020/10/10 02:25:06,,
1314633047851352066,教育学,0,10,0,0,1314633047851352066,,,2020/10/10 02:25:18,,
1314633057158512642,教育学,1314633047851352066,10,0,1,1314633047851352066,"G4,G51,G52,G53,G54,G55,G56,G57,G6,G62,G63,G65,G7,G75,G77,G78,N4,N42,N45,N46,N49",,2020/10/10 02:25:20,,
1314633059557654530,教育学原理,1314633057158512642,10,0,2,1314633047851352066,"G40,G42",,2020/10/10 02:25:21,,
1314633110019325954,课程与教学论,1314633057158512642,10,0,2,1314633047851352066,"G42,G45",,2020/10/10 02:25:33,,
1314633129942269953,教育史,1314633057158512642,10,0,2,1314633047851352066,G40,,2020/10/10 02:25:38,,
1314633152423739393,比较教育学,1314633057158512642,10,0,2,1314633047851352066,G40,,2020/10/10 02:25:43,,
1314633225807282178,学前教育学,1314633057158512642,10,0,2,1314633047851352066,G61,,2020/10/10 02:26:00,,
1314633255557480449,高等教育学,1314633057158512642,10,0,2,1314633047851352066,G64,,2020/10/10 02:26:07,,
1314633299421511682,成人教育学,1314633057158512642,10,0,2,1314633047851352066,G72,,2020/10/10 02:26:18,,
1314633480351203330,职业技术教育学,1314633057158512642,10,0,2,1314633047851352066,G71,,2020/10/10 02:27:01,,
1314633550530297858,特殊教育学,1314633057158512642,10,0,2,1314633047851352066,G76,,2020/10/10 02:27:18,,
1314633581085802498,教育技术学,1314633057158512642,10,0,2,1314633047851352066,"G40,G43",,2020/10/10 02:27:25,,
1314634033781227522,心理学,1314633047851352066,10,0,1,1314633047851352066,,,2020/10/10 02:29:13,,
1314634037648375809,基础心理学,1314634033781227522,10,0,2,1314633047851352066,"B84,G44",,2020/10/10 02:29:14,,
1314634063904718850,发展与教育心理学,1314634033781227522,10,0,2,1314633047851352066,"B84,G44",,2020/10/10 02:29:20,,
1314634124021678081,应用心理学,1314634033781227522,10,0,2,1314633047851352066,"B849,G44",,2020/10/10 02:29:35,,
1314634175414484993,体育学,1314633047851352066,10,0,1,1314633047851352066,"G8,G80,G81,G82,G83,G84,G85,G86,G87,G88,G89",,2020/10/10 02:29:47,,
1314634183538851842,体育人文社会学,1314634175414484993,10,0,2,1314633047851352066,G80,,2020/10/10 02:29:49,,
1314634211296755713,运动人体科学,1314634175414484993,10,0,2,1314633047851352066,G80,,2020/10/10 02:29:55,,
1314634238219993089,体育教育训练学,1314634175414484993,10,0,2,1314633047851352066,G80,,2020/10/10 02:30:02,,
1314634264061100033,民族传统体育学,1314634175414484993,10,0,2,1314633047851352066,G85,,2020/10/10 02:30:08,,
1314634330972831745,文学,0,10,0,0,1314634330972831745,"I01,I02,I03,I04,I05,I06,K81,K810",,2020/10/10 02:30:24,,
1314634340296769538,中国语言文学,1314634330972831745,10,0,1,1314634330972831745,"I2,I20,I21,I22,I23,I24,I25,I26,I27,I28",,2020/10/10 02:30:26,,
1314634342121291777,文艺学,1314634340296769538,10,0,2,1314634330972831745,"I0,G0,G02,G04,G05,G1,G14,G15,G16,G17",,2020/10/10 02:30:27,,
1314634488028545026,语言学及应用语言学,1314634340296769538,10,0,2,1314634330972831745,H0,,2020/10/10 02:31:01,,
1314634529086586881,汉语言文字学,1314634340296769538,10,0,2,1314634330972831745,"H1,H11,H12,H13,H14,H15,H16,H19",,2020/10/10 02:31:11,,
1314634565467979777,中国古典文献学,1314634340296769538,10,0,2,1314634330972831745,K852,,2020/10/10 02:31:20,,
1314634747056177154,中国古代文学,1314634340296769538,10,0,2,1314634330972831745,"I222,I242,I262",,2020/10/10 02:32:03,,
1314634806837592065,中国现当代文学,1314634340296769538,10,0,2,1314634330972831745,"I246,I247,I267",,2020/10/10 02:32:17,,
1314634907836432386,中国少数民族语言文学,1314634340296769538,10,0,2,1314634330972831745,"H2,H42,H55",,2020/10/10 02:32:41,,
1314634947329998850,比较文学与世界文学,1314634340296769538,10,0,2,1314634330972831745,"I0,I1",,2020/10/10 02:32:51,,
1314635053814988802,外国语言文学,1314634330972831745,10,0,1,1314634330972831745,"H3,H63,H66,H67,H81,H815,H83,H84,I10,I11,I12,I13,I14,I3,I31,I32,I33,I4,I47,I5,I50,I51,I53,I54,I55,I56,I61,I7,I70,I71,I72,I73,I74,I75,I76,I77,I78",,2020/10/10 02:33:16,,
1314635058479054850,英语语言文学,1314635053814988802,10,0,2,1314634330972831745,"H31,I3,I4,I5,I6,I7",,2020/10/10 02:33:17,,
1314635085385515010,俄语语言文学,1314635053814988802,10,0,2,1314634330972831745,"H35,I3,I4,I5,I6,I7",,2020/10/10 02:33:24,,
1314635139638837249,法语语言文学,1314635053814988802,10,0,2,1314634330972831745,"H32,I3,I4,I5,I6,I7",,2020/10/10 02:33:37,,
1314635166197170177,德语语言文学,1314635053814988802,10,0,2,1314634330972831745,"H33,I3,I4,I5,I6,I7",,2020/10/10 02:33:43,,
1314635196664594433,日语语言文学,1314635053814988802,10,0,2,1314634330972831745,"H36,I3,I4,I5,I6,I7",,2020/10/10 02:33:50,,
1314635256836079618,印度语言文学,1314635053814988802,10,0,2,1314634330972831745,"H71,I3,I4,I5,I6,I7",,2020/10/10 02:34:05,,
1314635288511463426,西班牙语语言文学,1314635053814988802,10,0,2,1314634330972831745,"H34,I3,I4,I5,I6,I7",,2020/10/10 02:34:12,,
1314635316697186305,阿拉伯语语言文学,1314635053814988802,10,0,2,1314634330972831745,"H37,I3,I4,I5,I6,I7",,2020/10/10 02:34:19,,
1314635351946117122,欧洲语言文学,1314635053814988802,10,0,2,1314634330972831745,"H7,I3,I4,I5,I6,I7",,2020/10/10 02:34:27,,
1314635380152811521,亚非语言文学,1314635053814988802,10,0,2,1314634330972831745,"H,I2,I3,I4,I5,I6,I7",,2020/10/10 02:34:34,,
1314635520741687298,外国语言学及应用语言学,1314635053814988802,10,0,2,1314634330972831745,H0,,2020/10/10 02:35:08,,
1314635725000097793,新闻传播学,1314634330972831745,10,0,1,1314634330972831745,,,2020/10/10 02:35:56,,
1314635728108077057,新闻学,1314635725000097793,10,0,2,1314634330972831745,G21,,2020/10/10 02:35:57,,
1314635783279951873,传播学,1314635725000097793,10,0,2,1314634330972831745,"G2,G21,G20,G22,G23,G24",,2020/10/10 02:36:10,,
1314635890989678594,历史学,0,10,0,0,1314635890989678594,K81,,2020/10/10 02:36:36,,
1314635905678131202,考古学,1314635890989678594,10,0,1,1314635890989678594,"K854,K86,K87,K883,K884,K885,K886,K887",,2020/10/10 02:36:39,,
1314635908165353473,考古学史和考古学理论,1314635905678131202,10,0,2,1314635890989678594,K851,,2020/10/10 02:36:40,,
1314635932462956545,史前考古,1314635905678131202,10,0,2,1314635890989678594,"K11,K851",,2020/10/10 02:36:46,,
1314635950125170690,夏商周考古,1314635905678131202,10,0,2,1314635890989678594,K87,,2020/10/10 02:36:50,,
1314635985638342657,秦汉魏晋南北朝考古,1314635905678131202,10,0,2,1314635890989678594,K87,,2020/10/10 02:36:58,,
1314636022065872897,唐宋元明清考古,1314635905678131202,10,0,2,1314635890989678594,K87,,2020/10/10 02:37:07,,
1314636053657370625,科技考古,1314635905678131202,10,0,2,1314635890989678594,"K851,K854",,2020/10/10 02:37:15,,
1314636083768279041,文化遗产与博物馆,1314635905678131202,10,0,2,1314635890989678594,"G11,G26",,2020/10/10 02:37:22,,
1314636126235607042,古代文字与铭刻,1314635905678131202,10,0,2,1314635890989678594,"H02,J29",,2020/10/10 02:37:32,,
1314636160997998593,专门考古,1314635905678131202,10,0,2,1314635890989678594,K85,,2020/10/10 02:37:40,,
1314636247463575553,中国史,1314635890989678594,10,0,1,1314635890989678594,"K20,K29,K092",,2020/10/10 02:38:01,,
1314636253826334721,历史地理学,1314636247463575553,10,0,2,1314635890989678594,K90,,2020/10/10 02:38:02,,
1314636279042490370,历史文献学,1314636247463575553,10,0,2,1314635890989678594,K05,,2020/10/10 02:38:08,,
1314636376857853954,史学理论及中国史学史,1314636247463575553,10,0,2,1314635890989678594,"K0,K2",,2020/10/10 02:38:32,,
1314636429462814722,中国古代史,1314636247463575553,10,0,2,1314635890989678594,"K21,K22,K23,K24",,2020/10/10 02:38:44,,
1314636459619860482,中国近代史,1314636247463575553,10,0,2,1314635890989678594,"K25,K26",,2020/10/10 02:38:51,,
1314636490095673346,中国现代史,1314636247463575553,10,0,2,1314635890989678594,K27,,2020/10/10 02:38:59,,
1314636526246379522,专门史,1314636247463575553,10,0,2,1314635890989678594,K2,,2020/10/10 02:39:07,,
1314636626175672322,世界史,1314635890989678594,10,0,1,1314635890989678594,"K4,K400,K41,K42,K43,K46,K47,K5,K500,K51,K54,K56,K6,K811,K834,K835,K836,K837,K10",,2020/10/10 02:39:31,,
1314636633071108097,世界史学理论与史学史,1314636626175672322,10,0,2,1314635890989678594,K0,,2020/10/10 02:39:33,,
1314636658958352386,世界古代中古史,1314636626175672322,10,0,2,1314635890989678594,"K11,K12,K13,K502,K503",,2020/10/10 02:39:39,,
1314636682723278849,世界近现代史,1314636626175672322,10,0,2,1314635890989678594,"K14,K15,K404,K405,K504,K505",,2020/10/10 02:39:45,,
1314636711311654914,世界地区 国别史,1314636626175672322,10,0,2,1314635890989678594,"K3,K31,K33,K35,K36,K37,K4,K5,K6,K7,K611,K612,K613,K646,K656,K661",,2020/10/10 02:39:51,,
1314636737404420098,专门史与整体史,1314636626175672322,10,0,2,1314635890989678594,K1,,2020/10/10 02:39:58,,
1314636799526256641,理学,0,10,0,0,1314636799526256641,"O,N,N0,N1,N2,N3",,2020/10/10 02:40:12,,
1314636804777525249,数学,1314636799526256641,10,0,1,1314636799526256641,,,2020/10/10 02:40:14,,
1314636807692566529,基础数学,1314636804777525249,10,0,2,1314636799526256641,"O1,O11,O12,O13,O14,O15,O17,O18",,2020/10/10 02:40:14,,
1314636846989000705,计算数学,1314636804777525249,10,0,2,1314636799526256641,O24,,2020/10/10 02:40:24,,
1314636875795480577,概率论与数理统计,1314636804777525249,10,0,2,1314636799526256641,O21,,2020/10/10 02:40:31,,
1314636906514563074,应用数学,1314636804777525249,10,0,2,1314636799526256641,O29,,2020/10/10 02:40:38,,
1314636931399368705,运筹学与控制论,1314636804777525249,10,0,2,1314636799526256641,"O22, O23",,2020/10/10 02:40:44,,
1314636983215800321,物理学,1314636799526256641,10,0,1,1314636799526256641,"O3,O302,O32,O33,O4,O47,O48,O51,O52,O55,O59",,2020/10/10 02:40:56,,
1314636987875672065,理论物理,1314636983215800321,10,0,2,1314636799526256641,O41,,2020/10/10 02:40:57,,
1314637010478776321,粒子物理与原子核物理,1314636983215800321,10,0,2,1314636799526256641,O57,,2020/10/10 02:41:03,,
1314637038677082113,原子与分子物理,1314636983215800321,10,0,2,1314636799526256641,O56,,2020/10/10 02:41:09,,
1314637067693277185,等离子体物理,1314636983215800321,10,0,2,1314636799526256641,O53,,2020/10/10 02:41:16,,
1314637104024338434,凝聚态物理,1314636983215800321,10,0,2,1314636799526256641,O469,,2020/10/10 02:41:25,,
1314637131668996098,声学,1314636983215800321,10,0,2,1314636799526256641,O42,,2020/10/10 02:41:32,,
1314637187046391809,光学,1314636983215800321,10,0,2,1314636799526256641,O43,,2020/10/10 02:41:45,,
1314637218595946498,无线电物理,1314636983215800321,10,0,2,1314636799526256641,O45,,2020/10/10 02:41:52,,
1314637313064255489,化学,1314636799526256641,10,0,1,1314636799526256641,"O6,O7,O72,O73,O74,O75,O76,O77,O78,O799",,2020/10/10 02:42:15,,
1314637319594786818,无机化学,1314637313064255489,10,0,2,1314636799526256641,O61,,2020/10/10 02:42:16,,
1314637343980470274,分析化学,1314637313064255489,10,0,2,1314636799526256641,O65,,2020/10/10 02:42:22,,
1314637378671558657,有机化学,1314637313064255489,10,0,2,1314636799526256641,O62,,2020/10/10 02:42:31,,
1314637407368986625,物理化学,1314637313064255489,10,0,2,1314636799526256641,O64,,2020/10/10 02:42:37,,
1314637441917468673,高分子化学与物理,1314637313064255489,10,0,2,1314636799526256641,O63,,2020/10/10 02:42:46,,
1314637502940397569,天文学,1314636799526256641,10,0,1,1314636799526256641,"P,P1,P11,P15,P16,P18,P19",,2020/10/10 02:43:00,,
1314637514034331650,天体物理,1314637502940397569,10,0,2,1314636799526256641,P14,,2020/10/10 02:43:03,,
1314637535706300418,天体测量与天体力学,1314637502940397569,10,0,2,1314636799526256641,"P12,P13",,2020/10/10 02:43:08,,
1314637574755270658,地理学,1314636799526256641,10,0,1,1314636799526256641,"K9,K91,K92,K93,K94,K95,K96,K97",,2020/10/10 02:43:17,,
1314637579406753793,自然地理学,1314637574755270658,10,0,2,1314636799526256641,P9,,2020/10/10 02:43:18,,
1314637611270881282,人文地理学,1314637574755270658,10,0,2,1314636799526256641,K90,,2020/10/10 02:43:26,,
1314637641851551745,地图学与地理信息系统,1314637574755270658,10,0,2,1314636799526256641,"K99,P28,P20",,2020/10/10 02:43:33,,
1314637965257555970,大气科学,1314636799526256641,10,0,1,1314636799526256641,,,2020/10/10 02:44:50,,
1314637971075055618,气象学,1314637965257555970,10,0,2,1314636799526256641,"P4,P40,P41,P42,P43,P44,P45,P46,P47,P48,P49,S16",,2020/10/10 02:44:52,,
1314638047646269441,大气物理学与大气环境,1314637965257555970,10,0,2,1314636799526256641,P40,,2020/10/10 02:45:10,,
1314638098288295937,海洋科学,1314636799526256641,10,0,1,1314636799526256641,"P7,P71,P72,P74",,2020/10/10 02:45:22,,
1314638105653493761,物理海洋学,1314638098288295937,10,0,2,1314636799526256641,P73,,2020/10/10 02:45:24,,
1314638128797663233,海洋化学,1314638098288295937,10,0,2,1314636799526256641,P73,,2020/10/10 02:45:29,,
1314638174918230017,海洋生物学,1314638098288295937,10,0,2,1314636799526256641,P73,,2020/10/10 02:45:40,,
1314638201300402177,海洋地质,1314638098288295937,10,0,2,1314636799526256641,P73,,2020/10/10 02:45:47,,
1314638251669798913,地球物理学,1314636799526256641,10,0,1,1314636799526256641,P3,,2020/10/10 02:45:59,,
1314638259198574594,固体地球物理学,1314638251669798913,10,0,2,1314636799526256641,P31,,2020/10/10 02:46:00,,
1314638283668144129,空间物理学,1314638251669798913,10,0,2,1314636799526256641,P35,,2020/10/10 02:46:06,,
1314638338332508162,地质学,1314636799526256641,10,0,1,1314636799526256641,"P5,P51,P55,P56",,2020/10/10 02:46:19,,
1314638343814463490,矿物学、岩石学、矿床学,1314638338332508162,10,0,2,1314636799526256641,"P57,P58,P61",,2020/10/10 02:46:21,,
1314638513159487490,地球化学,1314638338332508162,10,0,2,1314636799526256641,P59,,2020/10/10 02:47:01,,
1314638538837016577,古生物学与地层学,1314638338332508162,10,0,2,1314636799526256641,"P52,Q91,Q98",,2020/10/10 02:47:07,,
1314638567907737601,构造地质学,1314638338332508162,10,0,2,1314636799526256641,P54,,2020/10/10 02:47:14,,
1314638598102532097,第四纪地质学,1314638338332508162,10,0,2,1314636799526256641,P53,,2020/10/10 02:47:21,,
1314638742831185922,生物学,1314636799526256641,10,0,1,1314636799526256641,"Q,Q0,Q1,Q10,Q11,Q15,Q16,Q18,Q19,Q96,Q961,Q964,Q965,Q965.9,Q966,Q969,Q969.9",,2020/10/10 02:47:56,,
1314638752775880706,植物学,1314638742831185922,10,0,2,1314636799526256641,Q94,,2020/10/10 02:47:58,,
1314638797776568321,动物学,1314638742831185922,10,0,2,1314636799526256641,Q95,,2020/10/10 02:48:09,,
1314638969319407618,生理学,1314638742831185922,10,0,2,1314636799526256641,"Q4,Q40,Q41,Q42,Q43,Q44,Q45,Q46,Q47,Q48,Q49",,2020/10/10 02:48:50,,
1314638997043757058,水生生物学,1314638742831185922,10,0,2,1314636799526256641,Q17,,2020/10/10 02:48:56,,
1314639022427684865,微生物学,1314638742831185922,10,0,2,1314636799526256641,Q93,,2020/10/10 02:49:02,,
1314639059207536642,神经生物学,1314638742831185922,10,0,2,1314636799526256641,Q189,,2020/10/10 02:49:11,,
1314639086797668353,遗传学,1314638742831185922,10,0,2,1314636799526256641,"Q3,Q30,Q31,Q32,Q33,Q34,Q36,Q37,Q38,Q39,Q75,Q78,Q987",,2020/10/10 02:49:18,,
1314639104766066689,发育生物学,1314638742831185922,10,0,2,1314636799526256641,Q13,,2020/10/10 02:49:22,,
1314639122394726401,细胞生物学,1314638742831185922,10,0,2,1314636799526256641,"Q2,Q20,Q21,Q23,Q24,Q25,Q26,Q27,Q28,Q29",,2020/10/10 02:49:26,,
1314639160114102273,生物化学与分子生物学,1314638742831185922,10,0,2,1314636799526256641,"Q5,Q50,Q51,Q52,Q53,Q54,Q55,Q56,Q57,Q58,Q59,Q7,Q71,Q73,Q74,Q75,Q77,Q78",,2020/10/10 02:49:35,,
1314639196415803393,生物物理学,1314638742831185922,10,0,2,1314636799526256641,"Q6,Q61,Q62,Q63,Q64,Q65,Q66,Q67,Q68,Q69",,2020/10/10 02:49:44,,
1314639252837580802,系统科学,1314636799526256641,10,0,1,1314636799526256641,,,2020/10/10 02:49:57,,
1314639255626792961,系统理论,1314639252837580802,10,0,2,1314636799526256641,N94,,2020/10/10 02:49:58,,
1314639276598312962,系统分析与集成,1314639252837580802,10,0,2,1314636799526256641,N94,,2020/10/10 02:50:03,,
1314639293702684674,科学技术史,1314636799526256641,10,0,1,1314636799526256641,"N09,N5,N53,N54,N56",,2020/10/10 02:50:07,,
1314639321804521474,生态学,1314636799526256641,10,0,1,1314636799526256641,"Q14,Q948,Q958,Q968,Q988,X17",,2020/10/10 02:50:14,,
1314639357665820674,统计学,1314636799526256641,10,0,1,1314636799526256641,"C8,C81,C82,C83,O21",,2020/10/10 02:50:22,,
1314639617104494594,工学,0,10,0,0,1314639617104494594,"T,T0,T1,TB,TS,TB4,TB7,TB9,TS8,TS9",,2020/10/10 02:51:24,,
1314639623085572098,力学,1314639617104494594,10,0,1,1314639617104494594,"O3,O30,O32,O33,O36,O37,O38,O39",,2020/10/10 02:51:26,,
1314639627024023554,一般力学与力学基础,1314639623085572098,10,0,2,1314639617104494594,O31,,2020/10/10 02:51:27,,
1314639659890589697,固体力学,1314639623085572098,10,0,2,1314639617104494594,O34,,2020/10/10 02:51:34,,
1314639685245157378,流体力学,1314639623085572098,10,0,2,1314639617104494594,O35,,2020/10/10 02:51:40,,
1314639704002084865,工程力学,1314639623085572098,10,0,2,1314639617104494594,TB1,,2020/10/10 02:51:45,,
1314639831764779009,机械工程,1314639617104494594,10,0,1,1314639617104494594,"TH,TH17",,2020/10/10 02:52:15,,
1314639837045407746,机械制造及其自动化,1314639831764779009,10,0,2,1314639617104494594,"TH14,TH16",,2020/10/10 02:52:17,,
1314639873980448770,机械电子工程,1314639831764779009,10,0,2,1314639617104494594,TH3,,2020/10/10 02:52:25,,
1314639899850915842,机械设计及理论,1314639831764779009,10,0,2,1314639617104494594,"TH11,TH12,TH13",,2020/10/10 02:52:32,,
1314639942490210305,车辆工程,1314639831764779009,10,0,2,1314639617104494594,"U27,U46",,2020/10/10 02:52:42,,
1314640223126896641,光学工程,1314639617104494594,10,0,1,1314639617104494594,"O43,TB1,TH7,TN2,TB8",,2020/10/10 02:53:49,,
1314640306299944962,仪器科学与技术,1314639617104494594,10,0,1,1314639617104494594,,,2020/10/10 02:54:09,,
1314640310548774913,精密仪器及机械,1314640306299944962,10,0,2,1314639617104494594,"TH7,TH8",,2020/10/10 02:54:10,,
1314640364424609793,测试计量技术及仪器,1314640306299944962,10,0,2,1314639617104494594,"TH7,TH8",,2020/10/10 02:54:22,,
1314640454379847681,材料科学与工程,1314639617104494594,10,0,1,1314639617104494594,"TG,TG1,TG2,TG3,TG4,TG5,TG6,TG7",,2020/10/10 02:54:44,,
1314640458855170049,材料物理与化学,1314640454379847681,10,0,2,1314639617104494594,"TB3,O64",,2020/10/10 02:54:45,,
1314640527419457538,材料学,1314640454379847681,10,0,2,1314639617104494594,TB3,,2020/10/10 02:55:01,,
1314640582125764610,材料加工工程,1314640454379847681,10,0,2,1314639617104494594,TB3,,2020/10/10 02:55:14,,
1314640651168202753,冶金工程,1314639617104494594,10,0,1,1314639617104494594,"TF,TF1",,2020/10/10 02:55:31,,
1314640658273353729,冶金物理化学,1314640651168202753,10,0,2,1314639617104494594,TF0,,2020/10/10 02:55:32,,
1314640691576127490,钢铁冶金,1314640651168202753,10,0,2,1314639617104494594,"TF4,TF5,TF6,TF7",,2020/10/10 02:55:40,,
1314640744592130049,有色金属冶金,1314640651168202753,10,0,2,1314639617104494594,TF8,,2020/10/10 02:55:53,,
1314640820064436225,动力工程及工程热物理,1314639617104494594,10,0,1,1314639617104494594,"TE0,TK,TK8",,2020/10/10 02:56:11,,
1314640826704019457,工程热物理,1314640820064436225,10,0,2,1314639617104494594,TK1,,2020/10/10 02:56:13,,
1314640860405252097,热能工程,1314640820064436225,10,0,2,1314639617104494594,"TK1,TK51",,2020/10/10 02:56:21,,
1314640891283718145,动力机械及工程,1314640820064436225,10,0,2,1314639617104494594,"TK0,TK2,TK4",,2020/10/10 02:56:28,,
1314640937727246338,流体机械及工程,1314640820064436225,10,0,2,1314639617104494594,"TK0,TH4,TK7",,2020/10/10 02:56:39,,
1314640976881074177,制冷及低温工程,1314640820064436225,10,0,2,1314639617104494594,TB6,,2020/10/10 02:56:48,,
1314641018241105922,化工过程机械,1314640820064436225,10,0,2,1314639617104494594,TQ0,,2020/10/10 02:56:58,,
1314641101640646657,电气工程,1314639617104494594,10,0,1,1314639617104494594,"TM2,TM6,TM9",,2020/10/10 02:57:18,,
1314641109467217921,电机与电器,1314641101640646657,10,0,2,1314639617104494594,"TM3,TM4,TM5",,2020/10/10 02:57:20,,
1314641148809789441,电力系统及其自动化,1314641101640646657,10,0,2,1314639617104494594,TM7,,2020/10/10 02:57:29,,
1314641190236930049,高电压与绝缘技术,1314641101640646657,10,0,2,1314639617104494594,TM8,,2020/10/10 02:57:39,,
1314641228312821761,电力电子与电力传动,1314641101640646657,10,0,2,1314639617104494594,"TM91,TM92",,2020/10/10 02:57:48,,
1314641267475038210,电工理论与新技术,1314641101640646657,10,0,2,1314639617104494594,TM1,,2020/10/10 02:57:58,,
1314641487562752001,电子科学与技术,1314639617104494594,10,0,1,1314639617104494594,"TN3,TN6",,2020/10/10 02:58:50,,
1314641492927266817,物理电子学,1314641487562752001,10,0,2,1314639617104494594,"O46,TN1",,2020/10/10 02:58:51,,
1314641543896449026,电路与系统,1314641487562752001,10,0,2,1314639617104494594,"TM1,TN4,TN7",,2020/10/10 02:59:04,,
1314641572098949121,微电子学与固体电子学,1314641487562752001,10,0,2,1314639617104494594,TN4,,2020/10/10 02:59:10,,
1314641604629970946,电磁场与微波技术,1314641487562752001,10,0,2,1314639617104494594,"O44,TM1,TN0,TN92",,2020/10/10 02:59:18,,
1314641681377345537,信息与通信工程,1314639617104494594,10,0,1,1314639617104494594,"TN,TN8,TN93,TN94,TN95,TN96,TN97",,2020/10/10 02:59:36,,
1314641687169679362,通信与信息系统,1314641681377345537,10,0,2,1314639617104494594,"TN91,TN92",,2020/10/10 02:59:38,,
1314641727279808514,信号与信息处理,1314641681377345537,10,0,2,1314639617104494594,"TN91,TN92",,2020/10/10 02:59:47,,
1314641818547863554,控制科学与工程,1314639617104494594,10,0,1,1314639617104494594,"TP0,TP6,TP7,TP8",,2020/10/10 03:00:09,,
1314641829692129282,控制理论与控制工程,1314641818547863554,10,0,2,1314639617104494594,"O23,TB1,TP1,TP2",,2020/10/10 03:00:12,,
1314641875187744769,检测技术与自动化装置,1314641818547863554,10,0,2,1314639617104494594,TP2,,2020/10/10 03:00:23,,
1314641925385175041,系统工程,1314641818547863554,10,0,2,1314639617104494594,"N94,TP1",,2020/10/10 03:00:35,,
1314641963733696514,模式识别与智能系统,1314641818547863554,10,0,2,1314639617104494594,TP1,,2020/10/10 03:00:44,,
1314642019320807426,导航、制导与控制,1314641818547863554,10,0,2,1314639617104494594,"TN96,V44",,2020/10/10 03:00:57,,
1314642079005753346,计算机科学与技术,1314639617104494594,10,0,1,1314639617104494594,,,2020/10/10 03:01:11,,
1314642085595004929,计算机系统结构,1314642079005753346,10,0,2,1314639617104494594,"TP3,TP30,",,2020/10/10 03:01:13,,
1314642126015512578,计算机软件与理论,1314642079005753346,10,0,2,1314639617104494594,"TP3,TP31,TP39,",,2020/10/10 03:01:22,,
1314642191538929666,计算机应用技术,1314642079005753346,10,0,2,1314639617104494594,"TP3,TP31,TP39,",,2020/10/10 03:01:38,,
1314642311395360770,建筑学,1314639617104494594,10,0,1,1314639617104494594,"TU,TU5,TU6,TU8,TU9",,2020/10/10 03:02:07,,
1314642315774214145,建筑历史与理论,1314642311395360770,10,0,2,1314639617104494594,TU0,,2020/10/10 03:02:08,,
1314642376058945538,建筑设计及其理论,1314642311395360770,10,0,2,1314639617104494594,TU2,,2020/10/10 03:02:22,,
1314642409776955393,城市规划与设计,1314642311395360770,10,0,2,1314639617104494594,TU98,,2020/10/10 03:02:30,,
1314642453192196097,建筑技术科学,1314642311395360770,10,0,2,1314639617104494594,"TU1,TU7",,2020/10/10 03:02:40,,
1314642686030594050,土木工程,1314639617104494594,10,0,1,1314639617104494594,,,2020/10/10 03:03:36,,
1314642688635256834,岩土工程,1314642686030594050,10,0,2,1314639617104494594,TU4,,2020/10/10 03:03:37,,
1314642722512650242,结构工程,1314642686030594050,10,0,2,1314639617104494594,TU3,,2020/10/10 03:03:45,,
1314642753277870082,市政工程,1314642686030594050,10,0,2,1314639617104494594,TU99,,2020/10/10 03:03:52,,
1314642788526800897,供热、供燃气、通风及空调工程,1314642686030594050,10,0,2,1314639617104494594,TU8,,2020/10/10 03:04:00,,
1314642821368201218,防灾减灾工程及防护工程,1314642686030594050,10,0,2,1314639617104494594,"TU8,X4,X43,X45",,2020/10/10 03:04:08,,
1314642856516468738,桥梁与隧道工程,1314642686030594050,10,0,2,1314639617104494594,"U44,U45",,2020/10/10 03:04:17,,
1314642925068173314,水利工程,1314639617104494594,10,0,1,1314639617104494594,"TV,TV2,TV4,TV8,TV9",,2020/10/10 03:04:33,,
1314642931267354625,水文学及水资源,1314642925068173314,10,0,2,1314639617104494594,"P33,TV1,TV21",,2020/10/10 03:04:34,,
1314642968508579841,水力学及河流动力学,1314642925068173314,10,0,2,1314639617104494594,TV1,,2020/10/10 03:04:43,,
1314643000666308609,水工结构工程,1314642925068173314,10,0,2,1314639617104494594,TV3,,2020/10/10 03:04:51,,
1314643028478738433,水利水电工程,1314642925068173314,10,0,2,1314639617104494594,"TV5,TV6,TV7",,2020/10/10 03:04:58,,
1314643081717039105,港口、海岸及近海工程,1314642925068173314,10,0,2,1314639617104494594,"U65,P75",,2020/10/10 03:05:10,,
1314643223564206082,测绘科学与技术,1314639617104494594,10,0,1,1314639617104494594,"P2,P21,P25",,2020/10/10 03:05:44,,
1314643230631608322,大地测量学与测量工程,1314643223564206082,10,0,2,1314639617104494594,"P22,TB2",,2020/10/10 03:05:46,,
1314643264978763777,摄影测量与遥感,1314643223564206082,10,0,2,1314639617104494594,P23,,2020/10/10 03:05:54,,
1314643289041485825,地图制图学与地理信息工程,1314643223564206082,10,0,2,1314639617104494594,"P20,P28",,2020/10/10 03:06:00,,
1314643357295394817,化学工程与技术,1314639617104494594,10,0,1,1314639617104494594,,,2020/10/10 03:06:16,,
1314643362601189377,化学工程,1314643357295394817,10,0,2,1314639617104494594,"TQ,TQ1,TQ2,TQ3,TQ4,TQ5,TQ6",,2020/10/10 03:06:17,,
1314643416464441346,化学工艺,1314643357295394817,10,0,2,1314639617104494594,"TQ,TQ1,TQ3,TQ4",,2020/10/10 03:06:30,,
1314643488551944193,生物化工,1314643357295394817,10,0,2,1314639617104494594,"Q5,TQ0",,2020/10/10 03:06:47,,
1314643563890032642,应用化学,1314643357295394817,10,0,2,1314639617104494594,"O69,TQ",,2020/10/10 03:07:05,,
1314643645486022657,工业催化,1314643357295394817,10,0,2,1314639617104494594,"O64,TQ0,TQ42",,2020/10/10 03:07:25,,
1314643751731937281,地质资源与地质工程,1314639617104494594,10,0,1,1314639617104494594,,,2020/10/10 03:07:50,,
1314643757083869185,矿产普查与勘探,1314643751731937281,10,0,2,1314639617104494594,"P62,TD1",,2020/10/10 03:07:51,,
1314643809005158401,地球探测与信息技术,1314643751731937281,10,0,2,1314639617104494594,"P20,P63",,2020/10/10 03:08:04,,
1314643851795447810,地质工程,1314643751731937281,10,0,2,1314639617104494594,"P64,TD1,TE1",,2020/10/10 03:08:14,,
1314644005009178625,矿业工程,1314639617104494594,10,0,1,1314639617104494594,"TD0,TD2,TD3,TD4,TD5,TD6",,2020/10/10 03:08:50,,
1314644031592677378,采矿工程,1314644005009178625,10,0,2,1314639617104494594,TD8,,2020/10/10 03:08:57,,
1314644230436241410,矿物加工工程,1314644005009178625,10,0,2,1314639617104494594,TD9,,2020/10/10 03:09:44,,
1314644268411469825,安全技术及工程,1314644005009178625,10,0,2,1314639617104494594,TD7,,2020/10/10 03:09:53,,
1314644325059739649,石油与天然气工程,1314639617104494594,10,0,1,1314639617104494594,"TE,TE1,TE6,TE9",,2020/10/10 03:10:07,,
1314644330923376642,油气井工程,1314644325059739649,10,0,2,1314639617104494594,TE2,,2020/10/10 03:10:08,,
1314644363425038337,油气田开发工程,1314644325059739649,10,0,2,1314639617104494594,"TE3,TE4,TE5",,2020/10/10 03:10:16,,
1314644410065698817,油气储运工程,1314644325059739649,10,0,2,1314639617104494594,TE8,,2020/10/10 03:10:27,,
1314644495235235841,纺织科学与工程,1314639617104494594,10,0,1,1314639617104494594,TS,,2020/10/10 03:10:47,,
1314644502109700098,纺织工程,1314644495235235841,10,0,2,1314639617104494594,TS1,,2020/10/10 03:10:49,,
1314644549379506177,纺织材料与纺织品设计,1314644495235235841,10,0,2,1314639617104494594,TS1,,2020/10/10 03:11:00,,
1314644607357370369,纺织化学与染整工程,1314644495235235841,10,0,2,1314639617104494594,TS1,,2020/10/10 03:11:14,,
1314644653809287170,服装设计与工程,1314644495235235841,10,0,2,1314639617104494594,TS94,,2020/10/10 03:11:25,,
1314644811410259970,轻工技术与工程,1314639617104494594,10,0,1,1314639617104494594,TS95,,2020/10/10 03:12:03,,
1314644816711860226,制浆造纸工程,1314644811410259970,10,0,2,1314639617104494594,TS7,,2020/10/10 03:12:04,,
1314644861020487682,制糖工程,1314644811410259970,10,0,2,1314639617104494594,TS2,,2020/10/10 03:12:14,,
1314644950099116033,发酵工程,1314644811410259970,10,0,2,1314639617104494594,TQ9,,2020/10/10 03:12:36,,
1314644972454756354,皮革化学与工程,1314644811410259970,10,0,2,1314639617104494594,TS5,,2020/10/10 03:12:41,,
1314645035583225858,交通运输工程,1314639617104494594,10,0,1,1314639617104494594,"U,U0,U1,U12,U16,U17,U4,U47,U6,U61,U64,U69",,2020/10/10 03:12:56,,
1314645040431841282,道路与铁道工程,1314645035583225858,10,0,2,1314639617104494594,"U2,U21,U22,U41,U44,U45,U23,U28,U29",,2020/10/10 03:12:57,,
1314645085147316226,交通信息工程及控制,1314645035583225858,10,0,2,1314639617104494594,U49,,2020/10/10 03:13:08,,
1314645115430191106,交通运输规划与管理,1314645035583225858,10,0,2,1314639617104494594,U49,,2020/10/10 03:13:15,,
1314645147143323650,载运工具运用工程,1314645035583225858,10,0,2,1314639617104494594,"U26,U27,U46,U48",,2020/10/10 03:13:23,,
1314645274440450050,船舶与海洋工程,1314639617104494594,10,0,1,1314639617104494594,U67,,2020/10/10 03:13:53,,
1314645279670747138,船舶与海洋结构物设计制造,1314645274440450050,10,0,2,1314639617104494594,U66,,2020/10/10 03:13:54,,
1314645321789947905,轮机工程,1314645274440450050,10,0,2,1314639617104494594,"TK2,TK4,U66",,2020/10/10 03:14:04,,
1314645373384081410,水声工程,1314645274440450050,10,0,2,1314639617104494594,"O42,TB5,U66",,2020/10/10 03:14:17,,
1314645514400776193,航空宇航科学与技术,1314639617104494594,10,0,1,1314639617104494594,"V,V0,V1,V11,V2,V21,V25,V35,V41,V42,V43,V47,V51,V52",,2020/10/10 03:14:50,,
1314645522453839874,飞行器设计,1314645514400776193,10,0,2,1314639617104494594,"V22,V27",,2020/10/10 03:14:52,,
1314645551906242561,航空宇航推进理论与工程,1314645514400776193,10,0,2,1314639617104494594,V23,,2020/10/10 03:14:59,,
1314645587310362625,航空宇航制造工程,1314645514400776193,10,0,2,1314639617104494594,V26,,2020/10/10 03:15:08,,
1314645614132936705,人机与环境工程,1314645514400776193,10,0,2,1314639617104494594,"V24,V32",,2020/10/10 03:15:14,,
1314645703354171394,兵器科学与技术,1314639617104494594,10,0,1,1314639617104494594,,,2020/10/10 03:15:35,,
1314645711184936962,武器系统与运用工程,1314645703354171394,10,0,2,1314639617104494594,"E92,TJ",,2020/10/10 03:15:37,,
1314645753765511169,兵器发射理论与技术,1314645703354171394,10,0,2,1314639617104494594,"E92,TJ",,2020/10/10 03:15:47,,
1314645901484703746,火炮、自动武器与弹药工程,1314645703354171394,10,0,2,1314639617104494594,"TJ2,TJ3,TJ4",,2020/10/10 03:16:23,,
1314645940080689154,军事化学与烟火技术,1314645703354171394,10,0,2,1314639617104494594,"E91,TJ5",,2020/10/10 03:16:32,,
1314646002655510530,核科学与技术,1314639617104494594,10,0,1,1314639617104494594,,,2020/10/10 03:16:47,,
1314646005104984065,核能科学与工程,1314646002655510530,10,0,2,1314639617104494594,"TL1,TL2,TL3,TL4,TL5,TL6,TL7,TL8,TL9",,2020/10/10 03:16:47,,
1314646035958284289,核燃料循环与材料,1314646002655510530,10,0,2,1314639617104494594,TL2,,2020/10/10 03:16:55,,
1314646065440047105,核技术及应用,1314646002655510530,10,0,2,1314639617104494594,"TL1,TL2,TL3,TL4,TL5,TL6,TL7,TL8,TL99",,2020/10/10 03:17:02,,
1314646103297835010,辐射防护及环境保护,1314646002655510530,10,0,2,1314639617104494594,"TL7,TL94",,2020/10/10 03:17:11,,
1314646199905239042,农业工程,1314639617104494594,10,0,1,1314639617104494594,,,2020/10/10 03:17:34,,
1314646203935965185,农业机械化工程,1314646199905239042,10,0,2,1314639617104494594,"S22,S23,S25",,2020/10/10 03:17:35,,
1314646233291898882,农业水土工程,1314646199905239042,10,0,2,1314639617104494594,"S26,S27,S28",,2020/10/10 03:17:42,,
1314646264401051650,农业生物环境与能源工程,1314646199905239042,10,0,2,1314639617104494594,"S21,X32,TK6",,2020/10/10 03:17:49,,
1314646295954800642,农业电气化与自动化,1314646199905239042,10,0,2,1314639617104494594,S24,,2020/10/10 03:17:57,,
1314646375671742466,林业工程,1314639617104494594,10,0,1,1314639617104494594,,,2020/10/10 03:18:16,,
1314646380600049666,森林工程,1314646375671742466,10,0,2,1314639617104494594,"S77,TS6",,2020/10/10 03:18:17,,
1314646410404773890,木材科学与技术,1314646375671742466,10,0,2,1314639617104494594,S78,,2020/10/10 03:18:24,,
1314646441220325377,林产化学加工工程,1314646375671742466,10,0,2,1314639617104494594,TQ35,,2020/10/10 03:18:31,,
1314646505867132929,环境科学与工程,1314639617104494594,10,0,1,1314639617104494594,"X1,X11,X12,X13,X14,X16,X192,X2,X21,X22,X24,X3,X36,X37,X5,X50,X51,X52,X53,X55,X592,X7,X70,X71,X72,X73,X74,X75,X76,X77,X78,X799,X8,X82,X83,X84,X85,X87",,2020/10/10 03:18:47,,
1314646509151272961,环境科学,1314646505867132929,10,0,2,1314639617104494594,X,,2020/10/10 03:18:47,,
1314646604068372481,环境工程,1314646505867132929,10,0,2,1314639617104494594,X,,2020/10/10 03:19:10,,
1314646732376326145,生物医学工程,1314639617104494594,10,0,1,1314639617104494594,"Q81,R31",,2020/10/10 03:19:41,,
1314646774793322498,食品科学与工程,1314639617104494594,10,0,1,1314639617104494594,TS4,,2020/10/10 03:19:51,,
1314646782552784898,食品科学,1314646774793322498,10,0,2,1314639617104494594,"TS2,TS971,TS972",,2020/10/10 03:19:53,,
1314646892145754114,粮食、油脂及植物蛋白工程,1314646774793322498,10,0,2,1314639617104494594,TS2,,2020/10/10 03:20:19,,
1314646949318311938,农产品加工及贮藏工程,1314646774793322498,10,0,2,1314639617104494594,"S37,S87,S89,TS2,TQ9",,2020/10/10 03:20:32,,
1314647062786818049,水产品加工及贮藏工程,1314646774793322498,10,0,2,1314639617104494594,"S98,TS2,TQ9",,2020/10/10 03:20:59,,
1314647196320874497,城乡规划学,1314639617104494594,10,0,1,1314639617104494594,,,2020/10/10 03:21:31,,
1314647199999279105,区域发展与规划,1314647196320874497,10,0,2,1314639617104494594,TU98,,2020/10/10 03:21:32,,
1314647240042299393,城乡规划与设计,1314647196320874497,10,0,2,1314639617104494594,TU98,,2020/10/10 03:21:42,,
1314647306052255746,住房与社区建设规划,1314647196320874497,10,0,2,1314639617104494594,TU98,,2020/10/10 03:21:57,,
1314647354962034690,城乡发展历史与遗产保护规划,1314647196320874497,10,0,2,1314639617104494594,"C912,G11,TU98",,2020/10/10 03:22:09,,
1314647409966137345,城乡生态环境与基础设施规划,1314647196320874497,10,0,2,1314639617104494594,"TU98,X32",,2020/10/10 03:22:22,,
1314647465431613442,城乡规划管理,1314647196320874497,10,0,2,1314639617104494594,TU98,,2020/10/10 03:22:35,,
1314647515528380417,风景园林学,1314639617104494594,10,0,1,1314639617104494594,TU98,,2020/10/10 03:22:47,,
1314647564018728961,软件工程,1314639617104494594,10,0,1,1314639617104494594,TP3,,2020/10/10 03:22:59,,
1314647650975039490,生物工程,1314639617104494594,10,0,1,1314639617104494594,Q81,,2020/10/10 03:23:20,,
1314647683472506882,安全科学与工程,1314639617104494594,10,0,1,1314639617104494594,X9,,2020/10/10 03:23:27,,
1314647718255869953,公安技术,1314639617104494594,10,0,1,1314639617104494594,"D03,X93",,2020/10/10 03:23:36,,
1314647768436523009,网络空间安全,1314639617104494594,10,0,1,1314639617104494594,"D922.17,E866,O157.4,TP274,TP309,TP393,TN76,TN91,TN92,TN915,TN918,TN919",,2020/10/10 03:23:48,,
1314647951794716673,农学,0,10,0,0,1314647951794716673,"S,S0,S1,S2",,2020/10/10 03:24:31,,
1314647974326517761,作物学,1314647951794716673,10,0,1,1314647951794716673,"S36,S37,S38,S39,S56,S58,S59",,2020/10/10 03:24:37,,
1314647977027649537,作物栽培学与耕作学,1314647974326517761,10,0,2,1314647951794716673,"S3,S31,S32,S35,S5,S51,S52,S53,S54,S55,S62,TS4",,2020/10/10 03:24:37,,
1314648022573596674,作物遗传育种,1314647974326517761,10,0,2,1314647951794716673,"S32,S33,S5",,2020/10/10 03:24:48,,
1314648097093795841,园艺学,1314647951794716673,10,0,1,1314647951794716673,"S6,S60,S61,S64,S65",,2020/10/10 03:25:06,,
1314648101153882114,果树学,1314648097093795841,10,0,2,1314647951794716673,"S66,S62",,2020/10/10 03:25:07,,
1314648144904667138,蔬菜学,1314648097093795841,10,0,2,1314647951794716673,"S63,S62",,2020/10/10 03:25:17,,
1314648179587366913,茶学,1314648097093795841,10,0,2,1314647951794716673,"S571,TS272",,2020/10/10 03:25:26,,
1314648321149321218,农业资源与环境,1314647951794716673,10,0,1,1314647951794716673,,,2020/10/10 03:25:59,,
1314648323837870081,土壤学,1314648321149321218,10,0,2,1314647951794716673,"S15,X144",,2020/10/10 03:26:00,,
1314648373016084481,植物营养学,1314648321149321218,10,0,2,1314647951794716673,"Q945,S14,S158,S5,S6,S7",,2020/10/10 03:26:12,,
1314648538120667137,植物保护,1314647951794716673,10,0,1,1314647951794716673,"S40,S42,S44,S45,S46,S47",,2020/10/10 03:26:51,,
1314648541715185665,植物病理学,1314648538120667137,10,0,2,1314647951794716673,"S41,S76",,2020/10/10 03:26:52,,
1314648589379256321,农业昆虫与害虫防治,1314648538120667137,10,0,2,1314647951794716673,"S43,S49",,2020/10/10 03:27:03,,
1314648613676859393,农药学,1314648538120667137,10,0,2,1314647951794716673,"S48,TQ45",,2020/10/10 03:27:09,,
1314648700217933825,畜牧学,1314647951794716673,10,0,1,1314647951794716673,S8,,2020/10/10 03:27:30,,
1314648703665651714,动物遗传育种与繁殖,1314648700217933825,10,0,2,1314647951794716673,"S81,S82,S83",,2020/10/10 03:27:31,,
1314648783424536578,动物营养与饲料科学,1314648700217933825,10,0,2,1314647951794716673,"S81,S82,S83",,2020/10/10 03:27:50,,
1314648855704977409,草业科学,1314648700217933825,10,0,2,1314647951794716673,"S54,S81",,2020/10/10 03:28:07,,
1314648910637776897,特种经济动物饲养,1314648700217933825,10,0,2,1314647951794716673,"S86,S88,S89",,2020/10/10 03:28:20,,
1314649095761772546,兽医学,1314647951794716673,10,0,1,1314647951794716673,,,2020/10/10 03:29:04,,
1314649102271332353,基础兽医学,1314649095761772546,10,0,2,1314647951794716673,S85,,2020/10/10 03:29:06,,
1314649157380292610,预防兽医学,1314649095761772546,10,0,2,1314647951794716673,S85,,2020/10/10 03:29:19,,
1314649195271634945,临床兽医学,1314649095761772546,10,0,2,1314647951794716673,S85,,2020/10/10 03:29:28,,
1314649320257699841,林学,1314647951794716673,10,0,1,1314647951794716673,"S7,S79",,2020/10/10 03:29:58,,
1314649328914743297,林木遗传育种,1314649320257699841,10,0,2,1314647951794716673,"S71,S72",,2020/10/10 03:30:00,,
1314649368295063554,森林培育,1314649320257699841,10,0,2,1314647951794716673,S72,,2020/10/10 03:30:09,,
1314649406601641985,森林保护学,1314649320257699841,10,0,2,1314647951794716673,S76,,2020/10/10 03:30:18,,
1314649445575114753,森林经理学,1314649320257699841,10,0,2,1314647951794716673,S75,,2020/10/10 03:30:27,,
1314649481524494337,野生动植物保护与利用,1314649320257699841,10,0,2,1314647951794716673,"Q949,S58,S71,S86,S87",,2020/10/10 03:30:36,,
1314649522976800769,园林植物与观赏园艺,1314649320257699841,10,0,2,1314647951794716673,S68,,2020/10/10 03:30:46,,
1314649554358583298,水土保持与荒漠化防治,1314649320257699841,10,0,2,1314647951794716673,"S15,S72,S77,X32",,2020/10/10 03:30:53,,
1314649653864251394,水产,1314647951794716673,10,0,1,1314647951794716673,"S9,S94",,2020/10/10 03:31:17,,
1314649676324749314,水产养殖,1314649653864251394,10,0,2,1314647951794716673,"S95,S96",,2020/10/10 03:31:23,,
1314649712139911170,捕捞学,1314649653864251394,10,0,2,1314647951794716673,S97,,2020/10/10 03:31:31,,
1314649736697561090,渔业资源,1314649653864251394,10,0,2,1314647951794716673,"S92,S93",,2020/10/10 03:31:37,,
1314649803181473794,草学,1314647951794716673,10,0,1,1314647951794716673,"S54,S81",,2020/10/10 03:31:53,,
1314650032261775361,医学,0,10,0,0,1314650032261775361,"R,R0",,2020/10/10 03:32:47,,
1314650039278845954,基础医学,1314650032261775361,10,0,1,1314650032261775361,R3,,2020/10/10 03:32:49,,
1314650043557036034,人体解剖与组织胚胎学,1314650039278845954,10,0,2,1314650032261775361,R32,,2020/10/10 03:32:50,,
1314650077908385794,免疫学,1314650039278845954,10,0,2,1314650032261775361,R392,,2020/10/10 03:32:58,,
1314650118555385857,病原生物学,1314650039278845954,10,0,2,1314650032261775361,"R37,R38",,2020/10/10 03:33:08,,
1314650154521542657,病理学与病理生理学,1314650039278845954,10,0,2,1314650032261775361,"R36,R395",,2020/10/10 03:33:17,,
1314650192656154625,法医学,1314650039278845954,10,0,2,1314650032261775361,D91,,2020/10/10 03:33:26,,
1314650242769698817,放射医学,1314650039278845954,10,0,2,1314650032261775361,R81,,2020/10/10 03:33:38,,
1314650280908505090,航空、航天与航海医学,1314650039278845954,10,0,2,1314650032261775361,"R85,R83",,2020/10/10 03:33:47,,
1314650358872227841,临床医学,1314650032261775361,10,0,1,1314650032261775361,R33,,2020/10/10 03:34:05,,
1314650364224159746,内科学,1314650358872227841,10,0,2,1314650032261775361,"R5,R51,R52,R53,R54,R55,R56,R57,R58,R59",,2020/10/10 03:34:07,,
1314650442393403393,儿科学,1314650358872227841,10,0,2,1314650032261775361,R72,,2020/10/10 03:34:25,,
1314650493542940674,老年医学,1314650358872227841,10,0,2,1314650032261775361,R592,,2020/10/10 03:34:37,,
1314650549054554113,神经病学,1314650358872227841,10,0,2,1314650032261775361,R741,,2020/10/10 03:34:51,,
1314650588531343362,精神病与精神卫生学,1314650358872227841,10,0,2,1314650032261775361,"R74,R749",,2020/10/10 03:35:00,,
1314650625986478082,皮肤病与性病学,1314650358872227841,10,0,2,1314650032261775361,R75,,2020/10/10 03:35:09,,
1314650667489116161,影像医学与核医学,1314650358872227841,10,0,2,1314650032261775361,"R44,R81",,2020/10/10 03:35:19,,
1314650724758142977,临床检验诊断学,1314650358872227841,10,0,2,1314650032261775361,R44,,2020/10/10 03:35:32,,
1314650856488648706,护理学,1314650358872227841,10,0,2,1314650032261775361,R47,,2020/10/10 03:36:04,,
1314650927380774913,外科学,1314650358872227841,10,0,2,1314650032261775361,"R6,R60,R61,R62,R63,R64,R65,R68,R69",,2020/10/10 03:36:21,,
1314650979859906562,妇产科学,1314650358872227841,10,0,2,1314650032261775361,R71,,2020/10/10 03:36:33,,
1314651023107375105,眼科学,1314650358872227841,10,0,2,1314650032261775361,R77,,2020/10/10 03:36:44,,
1314651064849088514,耳鼻咽喉科学,1314650358872227841,10,0,2,1314650032261775361,R76,,2020/10/10 03:36:54,,
1314651105114406913,肿瘤学,1314650358872227841,10,0,2,1314650032261775361,R73,,2020/10/10 03:37:03,,
1314651154510725121,康复医学与理疗学,1314650358872227841,10,0,2,1314650032261775361,"R49,R45",,2020/10/10 03:37:15,,
1314651274274881537,运动医学,1314650358872227841,10,0,2,1314650032261775361,R87,,2020/10/10 03:37:43,,
1314651298870280193,麻醉学,1314650358872227841,10,0,2,1314650032261775361,R61,,2020/10/10 03:37:49,,
1314651348925104129,急诊医学,1314650358872227841,10,0,2,1314650032261775361,R45,,2020/10/10 03:38:01,,
1314651431515144193,口腔医学,1314650032261775361,10,0,1,1314650032261775361,,,2020/10/10 03:38:21,,
1314651435759779841,口腔基础医学,1314651431515144193,10,0,2,1314650032261775361,R78,,2020/10/10 03:38:22,,
1314651476163510273,口腔临床医学,1314651431515144193,10,0,2,1314650032261775361,R78,,2020/10/10 03:38:32,,
1314651556366991361,公共卫生与预防医学,1314650032261775361,10,0,1,1314650032261775361,"R14,R16",,2020/10/10 03:38:51,,
1314651562935271426,流行病与卫生统计学,1314651556366991361,10,0,2,1314650032261775361,"R18,R19",,2020/10/10 03:38:52,,
1314651630698446850,劳动卫生与环境卫生学,1314651556366991361,10,0,2,1314650032261775361,"R12,R13",,2020/10/10 03:39:08,,
1314651675355201538,营养与食品卫生学,1314651556366991361,10,0,2,1314650032261775361,R15,,2020/10/10 03:39:19,,
1314651721001811970,儿少卫生与妇幼保健学,1314651556366991361,10,0,2,1314650032261775361,"R17,R179",,2020/10/10 03:39:30,,
1314651767621500930,卫生毒理学,1314651556366991361,10,0,2,1314650032261775361,R11,,2020/10/10 03:39:41,,
1314651807735824385,军事预防医学,1314651556366991361,10,0,2,1314650032261775361,"R149,R82",,2020/10/10 03:39:51,,
1314651868062498817,中医学,1314650032261775361,10,0,1,1314650032261775361,R2,,2020/10/10 03:40:05,,
1314651873494122498,中医基础理论,1314651868062498817,10,0,2,1314650032261775361,R22,,2020/10/10 03:40:06,,
1314651898370539521,中医临床基础,1314651868062498817,10,0,2,1314650032261775361,R24,,2020/10/10 03:40:12,,
1314651935007784961,中医医史文献,1314651868062498817,10,0,2,1314650032261775361,R25,,2020/10/10 03:40:21,,
1314651967706578946,方剂学,1314651868062498817,10,0,2,1314650032261775361,R289,,2020/10/10 03:40:29,,
1314652012002623489,中医诊断学,1314651868062498817,10,0,2,1314650032261775361,R24,,2020/10/10 03:40:39,,
1314652044235849730,中医内科学,1314651868062498817,10,0,2,1314650032261775361,R25,,2020/10/10 03:40:47,,
1314652076662013953,中医外科学,1314651868062498817,10,0,2,1314650032261775361,R26,,2020/10/10 03:40:55,,
1314652104075984897,中医骨伤科学,1314651868062498817,10,0,2,1314650032261775361,R274,,2020/10/10 03:41:01,,
1314652136707670017,中医妇科学,1314651868062498817,10,0,2,1314650032261775361,R271,,2020/10/10 03:41:09,,
1314652163861594114,中医儿科学,1314651868062498817,10,0,2,1314650032261775361,R272,,2020/10/10 03:41:16,,
1314652196380033026,中医五官科学,1314651868062498817,10,0,2,1314650032261775361,R276,,2020/10/10 03:41:23,,
1314652236158812161,针灸推拿学,1314651868062498817,10,0,2,1314650032261775361,R24,,2020/10/10 03:41:33,,
1314652272540205057,民族医学,1314651868062498817,10,0,2,1314650032261775361,R29,,2020/10/10 03:41:41,,
1314652603693088769,中西医结合,1314650032261775361,10,0,1,1314650032261775361,,,2020/10/10 03:43:00,,
1314652610114568193,中西医结合基础,1314652603693088769,10,0,2,1314650032261775361,R203,,2020/10/10 03:43:02,,
1314652649893347330,中西医结合临床,1314652603693088769,10,0,2,1314650032261775361,"R2,R4,R5,R6,R78,R8",,2020/10/10 03:43:11,,
1314652882266177537,药学,1314650032261775361,10,0,1,1314650032261775361,"R9,R92,R99",,2020/10/10 03:44:07,,
1314652886041051137,药物化学,1314652882266177537,10,0,2,1314650032261775361,R91,,2020/10/10 03:44:08,,
1314652921264816130,药剂学,1314652882266177537,10,0,2,1314650032261775361,"R94,R95,R97",,2020/10/10 03:44:16,,
1314652983952883713,生药学,1314652882266177537,10,0,2,1314650032261775361,R93,,2020/10/10 03:44:31,,
1314653017394069505,药物分析学,1314652882266177537,10,0,2,1314650032261775361,R91,,2020/10/10 03:44:39,,
1314653048931041281,微生物与生化药学,1314652882266177537,10,0,2,1314650032261775361,R91,,2020/10/10 03:44:47,,
1314653075183190017,药理学,1314652882266177537,10,0,2,1314650032261775361,R96,,2020/10/10 03:44:53,,
1314653196687982594,中药学,1314650032261775361,10,0,1,1314650032261775361,R28,,2020/10/10 03:45:22,,
1314653244024897537,特种医学,1314650032261775361,10,0,1,1314650032261775361,R8,,2020/10/10 03:45:33,,
1314653297871372290,医学技术,1314650032261775361,10,0,1,1314650032261775361,"R44,R45,R49",,2020/10/10 03:45:46,,
1314653354976821249,护理学,1314650032261775361,10,0,1,1314650032261775361,"R24,R47",,2020/10/10 03:46:00,,
1314653517556432898,军事学,0,10,0,0,1314653517556432898,"E,E0,E1,E2",,2020/10/10 03:46:38,,
1314653521696210945,军事思想及军事历史,1314653517556432898,10,0,1,1314653517556432898,,,2020/10/10 03:46:39,,
1314653523927580674,军事思想,1314653521696210945,10,0,2,1314653517556432898,E0,,2020/10/10 03:46:40,,
1314653581167247361,军事历史,1314653521696210945,10,0,2,1314653517556432898,"E09,E19,E29,E37",,2020/10/10 03:46:53,,
1314653637811322881,战略学,1314653517556432898,10,0,1,1314653517556432898,E89,,2020/10/10 03:47:07,,
1314653640566980609,军事战略学,1314653637811322881,10,0,2,1314653517556432898,E81,,2020/10/10 03:47:08,,
1314653664902332418,战争动员学,1314653637811322881,10,0,2,1314653517556432898,"E12,E25,E26",,2020/10/10 03:47:13,,
1314653732988469249,战役学,1314653517556432898,10,0,1,1314653517556432898,,,2020/10/10 03:47:30,,
1314653757902635009,联合战役学,1314653732988469249,10,0,2,1314653517556432898,E82,,2020/10/10 03:47:36,,
1314653781852110849,军种战役学,1314653732988469249,10,0,2,1314653517556432898,E82,,2020/10/10 03:47:41,,
1314653836038324225,战术学,1314653517556432898,10,0,1,1314653517556432898,,,2020/10/10 03:47:54,,
1314653858523987970,合同战术学,1314653836038324225,10,0,2,1314653517556432898,E83,,2020/10/10 03:48:00,,
1314653969622712321,兵种战术学,1314653836038324225,10,0,2,1314653517556432898,E83,,2020/10/10 03:48:26,,
1314653995858083841,军队指挥学,1314653517556432898,10,0,1,1314653517556432898,,,2020/10/10 03:48:32,,
1314653998404026370,作战指挥学,1314653995858083841,10,0,2,1314653517556432898,"E07,E141,E21,E83",,2020/10/10 03:48:33,,
1314654030524006402,军事运筹学,1314653995858083841,10,0,2,1314653517556432898,E91,,2020/10/10 03:48:41,,
1314654069409398785,军事通信学,1314653995858083841,10,0,2,1314653517556432898,E96,,2020/10/10 03:48:50,,
1314654148694327297,军事情报学,1314653995858083841,10,0,2,1314653517556432898,"E141,E21,E87",,2020/10/10 03:49:09,,
1314654178746515457,密码学,1314653995858083841,10,0,2,1314653517556432898,"E96,TN91",,2020/10/10 03:49:16,,
1314654239542951938,军事教育训练学,1314653995858083841,10,0,2,1314653517556432898,"E07,E13,E25,E27",,2020/10/10 03:49:30,,
1314654301765451777,军事管理学,1314653517556432898,10,0,1,1314653517556432898,,,2020/10/10 03:49:45,,
1314654307515842561,军事组织编制学,1314654301765451777,10,0,2,1314653517556432898,"E07,E12,E26",,2020/10/10 03:49:47,,
1314654333486972929,军队管理学,1314654301765451777,10,0,2,1314653517556432898,"E07,E12,E26",,2020/10/10 03:49:53,,
1314654381629194241,军队政治工作学,1314653517556432898,10,0,1,1314653517556432898,"E14,E22,E27",,2020/10/10 03:50:04,,
1314654416303505409,军事后勤学与军事装备学,1314653517556432898,10,0,1,1314653517556432898,E95,,2020/10/10 03:50:13,,
1314654423152803842,军事后勤学,1314654416303505409,10,0,2,1314653517556432898,"E07,E14,E23",,2020/10/10 03:50:14,,
1314654466295414785,后方专业勤务,1314654416303505409,10,0,2,1314653517556432898,"E07,E14,E23",,2020/10/10 03:50:25,,
1314654576425254913,军事装备学,1314654416303505409,10,0,2,1314653517556432898,"E07,E14,E24",,2020/10/10 03:50:51,,
1314654670381858817,军事装备学,1314653517556432898,10,0,1,1314653517556432898,"E07,E14,E24",,2020/10/10 03:51:13,,
1314654709124644865,军事训练学,1314653517556432898,10,0,1,1314653517556432898,"E07,E13,E25,E27",,2020/10/10 03:51:22,,
1314654777382748162,管理学,0,10,0,0,1314654777382748162,G3,,2020/10/10 03:51:39,,
1314654786752823297,管理科学与工程,1314654777382748162,10,0,1,1314654777382748162,C93,,2020/10/10 03:51:41,,
1314654838263070722,工商管理,1314654777382748162,10,0,1,1314654777382748162,,,2020/10/10 03:51:53,,
1314654848530726914,会计学,1314654838263070722,10,0,2,1314654777382748162,"F23,F27,F81",,2020/10/10 03:51:56,,
1314654957448413186,企业管理,1314654838263070722,10,0,2,1314654777382748162,"F24,F27,F7,F406",,2020/10/10 03:52:22,,
1314655175258619905,旅游管理,1314654838263070722,10,0,2,1314654777382748162,F59,,2020/10/10 03:53:14,,
1314655226605289473,技术经济及管理,1314654838263070722,10,0,2,1314654777382748162,"F06,F20",,2020/10/10 03:53:26,,
1314655308390023169,农林经济管理,1314654777382748162,10,0,1,1314654777382748162,,,2020/10/10 03:53:45,,
1314655319886610433,农业经济管理,1314655308390023169,10,0,2,1314654777382748162,F3,,2020/10/10 03:53:48,,
1314655366141394946,林业经济管理,1314655308390023169,10,0,2,1314654777382748162,"F30,F31,F32",,2020/10/10 03:53:59,,
1314655493090394114,公共管理,1314654777382748162,10,0,1,1314654777382748162,,,2020/10/10 03:54:29,,
1314655499893555201,行政管理,1314655493090394114,10,0,2,1314654777382748162,"C916,D03,D52,D63",,2020/10/10 03:54:31,,
1314655595196530690,社会医学与卫生事业管理,1314655493090394114,10,0,2,1314654777382748162,R1,,2020/10/10 03:54:54,,
1314655661193904129,教育经济与管理,1314655493090394114,10,0,2,1314654777382748162,"F08,G40,G46,G47",,2020/10/10 03:55:09,,
1314655727694594050,社会保障,1314655493090394114,10,0,2,1314654777382748162,"C913,D57,D63",,2020/10/10 03:55:25,,
1314655821940604930,土地资源管理,1314655493090394114,10,0,2,1314654777382748162,"F30,F31,F32",,2020/10/10 03:55:48,,
1314655923409207298,图书情报与档案管理,1314654777382748162,10,0,1,1314654777382748162,,,2020/10/10 03:56:12,,
1314655929033768962,图书馆学,1314655923409207298,10,0,2,1314654777382748162,G25,,2020/10/10 03:56:13,,
1314655978799185922,情报学,1314655923409207298,10,0,2,1314654777382748162,"G25,G35",,2020/10/10 03:56:25,,
1314656050203017218,档案学,1314655923409207298,10,0,2,1314654777382748162,G27,,2020/10/10 03:56:42,,
1314656181946105858,艺术学,0,10,0,0,1314656181946105858,"J,J1,J11,J12,J13,J17,J19,J3,J30,J31,J32,J33,J4,J40,J41,J42,J43,J50,J51,J52,J53",,2020/10/10 03:57:14,,
1314656189873340418,艺术学理论,1314656181946105858,10,0,1,1314656181946105858,"J0,J01,J02,J03,J04,J05,J06,J08",,2020/10/10 03:57:15,,
1314656233506684930,音乐与舞蹈学,1314656181946105858,10,0,1,1314656181946105858,"J6,J60,J61,J62,J63,J64,J65,J69,J7,J70,J71,J72,J73,J79",,2020/10/10 03:57:26,,
1314656286052925442,戏剧与影视学,1314656181946105858,10,0,1,1314656181946105858,"J8,J80,J81,J82,J83,J89,J9,J90,J91,J92,J93,J95,J96,J97,J98,J99",,2020/10/10 03:57:38,,
1314656355602874370,美术学,1314656181946105858,10,0,1,1314656181946105858,"J20,J21,J22,J23,J4,J5,J51,J52,J53",,2020/10/10 03:57:55,,
1314656404844003329,设计学,1314656181946105858,10,0,1,1314656181946105858,"J06,J2,J3,J4,J5",,2020/10/10 03:58:07,,
1413706443418800130,交叉学科,0,10,0,0,1413706443418800130,,,2021/7/10 11:47:36,,
1413706443959865345,集成电路科学与工程,1413706443418800130,10,0,1,1413706443418800130,"TN4,TN7",,2021/7/10 11:47:36,,
1413706471151538177,国家安全学,1413706443418800130,10,0,1,1413706443418800130,"D63,D035,D912.14,D924.31,DF621",,2021/7/10 11:47:43,,
